File,VUs,Trial,Avg_Latency_ms,P50_ms,P95_ms,P99_ms,Throughput_req_s,Total_Requests,Error_Rate_pct,Workflows_Completed
summary_vus_5_trial_1.json,5,1,1003.75,1022.07,1111.07,0.0,1.48,362,0.0,90
summary_vus_5_trial_2.json,5,2,1050.28,1063.19,1212.18,0.0,1.46,362,0.0,90
summary_vus_5_trial_3.json,5,3,1227.17,1077.06,1849.32,0.0,1.36,342,0.0,85
summary_vus_25_trial_1.json,25,1,1904.11,1159.65,2804.71,0.0,5.1,1408,0.0,343
summary_vus_25_trial_2.json,25,2,1510.16,1155.31,2524.94,0.0,5.13,1322,0.0,318
summary_vus_25_trial_3.json,25,3,4847.09,1049.08,1289.69,0.0,1.82,1388,0.0,324
summary_vus_55_trial_1.json,55,1,1740.98,1550.96,3257.45,0.0,12.39,3178,0.0,794
summary_vus_55_trial_2.json,55,2,1530.0,1470.09,2251.05,0.0,13.17,3366,0.0,841
summary_vus_55_trial_3.json,55,3,4353.51,1734.42,15396.93,0.0,6.39,1749,0.0,404
summary_cf_60_dryrun.json,60,1,1720.71,1693.29,2994.67,0.0,14.04,3494,0.0,873
summary_vus_75_trial_1.json,75,1,3759.6,2447.17,5732.24,0.0,10.18,2806,0.0,669
summary_vus_75_trial_2.json,75,2,3198.11,2547.89,4709.29,0.0,11.74,3014,0.0,732
summary_vus_75_trial_3.json,75,3,2844.56,2764.16,4864.6,0.0,13.24,3350,0.0,837
